{
  "rmse": 1862.6257425533502,
  "mae": 1590.91044116725,
  "r2": 0.12245788335466123
}