holiday,temp,rain_1h,snow_1h,clouds_all,weather_main,month,weekday,hour,Predicted Volume,Lower PI,Upper PI
,289.49,0.0,0.0,1,Fog,July,Friday,7,2080.1506,-869.407470703125,5029.708740234375
,279.35,0.0,0.0,1,Clear,October,Monday,21,2955.9324,6.374267578125,5905.490478515625
,291.39,0.0,0.0,36,Clouds,June,Wednesday,0,2313.7024,-635.855712890625,5263.260498046875
,294.02,0.0,0.0,90,Thunderstorm,July,Wednesday,22,2955.4043,5.84619140625,5904.96240234375
,268.69,0.0,0.0,64,Mist,December,Friday,9,2884.1648,-65.393310546875,5833.722900390625
